id,user_id,symbol,exchange_segment,product_type,quantity,avg_price,realized_pnl,status,created_at,updated_at
1,1,NIFTY 25400 PE,NSE_FNO,NORMAL,0,7.8342659999999995,-28.294066124999997,CLOSED,2026-02-09 13:28:56.428304,2026-02-09 13:44:44.853468
2,1,NIFTY 25800 PE,NSE_FNO,NORMAL,-650,45.247209403846156,-422.9628644230764,CLOSED,2026-02-09 13:45:37.138514,2026-02-09 13:53:04.260939
3,1,NIFTY 26100 CE,NSE_FNO,NORMAL,600,11.724008458333333,-65.01790096153871,CLOSED,2026-02-09 13:54:11.913295,2026-02-09 13:55:52.270971
4,1,NIFTY 25550 PE,NSE_FNO,NORMAL,0,11.8466334,-58.5505096153846,CLOSED,2026-02-09 14:24:05.324733,2026-02-09 14:25:02.482675
5,1,RELIANCE,NSE_EQ,MIS,0,2303.1620049999997,-65.4000599999963,CLOSED,2026-02-10 19:03:27.947947,2026-02-10 19:43:20.981188
6,1,RELIANCE 26FEB2026 3300 CE,NSE_FNO,MIS,0,1.5157574999999996,-6.3158099999999955,CLOSED,2026-02-10 19:03:28.625986,2026-02-10 19:43:21.835633
7,1,SENSEX 12FEB2026 84000 PE,BSE_FNO,MIS,0,11.117853999999996,-14.718407999999947,CLOSED,2026-02-10 19:03:29.417657,2026-02-10 19:43:22.583395
8,1,CRUDEOIL,MCX_COMM,MIS,2,6074.87,-452.0325000000048,OPEN,2026-02-10 19:03:30.392517,2026-02-10 19:43:23.280445
9,1,CRUDEOIL 26FEB2026 6000 CE,MCX_COMM,MIS,0,6.069450000000001,-13.577400000000011,CLOSED,2026-02-10 19:03:31.149982,2026-02-10 19:43:24.087183
